Title,Link,Views,Publish Time
🔥 CRYPTO CLASS: WEEX | 1000 BTC PROTECTION FUND | INDUSTRY LEADING PERFORMANCE | HIGH LIQUIDITY,https://www.youtube.com/watch?v=07__fH0Lb8s&pp=ygUEd2VleA%3D%3D,11万次观看,11小时前
WEEX EXCHANGE - beginners tutorial 2024 - spot trading - beginners guide to using Weex,https://www.youtube.com/watch?v=a9JBVf-EJeg&pp=ygUEd2VleA%3D%3D,557次观看,2个月前
WEEX IS WHERE NEW WEALTH IS MADE!! IS THIS THE MOST REWARDING EXCHANGE IN THE CRYPTO SPACE?!,https://www.youtube.com/watch?v=6D-YYMsYT8Q&pp=ygUEd2VleA%3D%3D,8.2万次观看,3个月前
SIMPLEST LEVERAGE TRADING STRATEGY ON WEEX! (BEGINNER FRIENDLY!),https://www.youtube.com/watch?v=GI325OihVk0&pp=ygUEd2VleA%3D%3D,2026次观看,4个月前
WEEX EXCHANGE -  Futures trading beginners tutorial 2024 - How to leverage trade crypto futures,https://www.youtube.com/watch?v=DhE4sHl9cxs&pp=ygUEd2VleA%3D%3D,580次观看,2个月前
Best Non KYC Crypto Exchange 2024🔥 How WEEX Revolutionizes Crypto Trading With Futures Pro!,https://www.youtube.com/watch?v=aj9ef1jKOKg&pp=ygUEd2VleA%3D%3D,1654次观看,9个月前
WEEX EXCHANGE - DEPOSIT CRYPTO - TUTORIAL - How to transfer crypto to the Weex crypto exchange,https://www.youtube.com/watch?v=vWpJKdg0oos&pp=ygUEd2VleA%3D%3D,311次观看,3周前
DOGE’S Big Rally | Trade It Now on WEEX!,https://www.youtube.com/watch?v=SjV0LFQU8e0&pp=ygUEd2VleA%3D%3D,62次观看,1天前
揭露WEEX交易所丑恶内幕：黑幕重重，骗局不断，投资者务必避之不及!#bitcoin #weex #weex唯客 #crypto,https://www.youtube.com/watch?v=3GZRbUq5hwE&pp=ygUEd2VleA%3D%3D,299次观看,2个月前
"Weex Exchange : Crypto Trading for US & Canada Citizens, No KYC, Low Fees, Perp, Spot, Best Exchange",https://www.youtube.com/watch?v=OVCfAiKxN9I&pp=ygUEd2VleA%3D%3D,720次观看,9个月前
"WEEX Trading Platform Review!! (Get Up To $5,000 USDT Bonus?!) | NON-KYC Futures Trading Exchange!!",https://www.youtube.com/watch?v=SQYCsKCZdA0&pp=ygUEd2VleA%3D%3D,2845次观看,1年前
Master Weex Trading Platform in 10 Minutes! (USA & Canada),https://www.youtube.com/watch?v=GprxeQcU_VQ&pp=ygUEd2VleA%3D%3D,1498次观看,7个月前
Official Weex Crypto Exchange Tutorial (FULL STEP-BY-STEP GUIDE),https://www.youtube.com/watch?v=G5oaD3o-h1U&pp=ygUEd2VleA%3D%3D,983次观看,2个月前
WeeX Exchange Futures Trading Tutorial Explained For Beginners,https://www.youtube.com/watch?v=TUN5o4nkffY&pp=ygUEd2VleA%3D%3D,726次观看,3个月前
Weex-cryptoben.top Scam Review,https://www.youtube.com/watch?v=LS2LNnpFt-4&pp=ygUEd2VleA%3D%3D,217次观看,2个月前
Introducing WXT - WEEX's Native Token,https://www.youtube.com/watch?v=uo_SgAx7eVk&pp=ygUEd2VleA%3D%3D,389次观看,5个月前
"Weex Tutorial, USA and Canada licenced ! ( $300 Refund On a $300 Deposit If Lost !! )",https://www.youtube.com/watch?v=cKU6tRMGJjI&pp=ygUEd2VleA%3D%3D,308次观看,9个月前
"Weex Tutorial, USA and Canada licenced ! ( $300 Refund On a $300 Deposit If Lost !! )",https://www.youtube.com/watch?v=cKU6tRMGJjI&pp=ygUEd2VleA%3D%3D,308次观看,9个月前
I'm making so many Bitcoin gains on WEEX,https://www.youtube.com/shorts/Hf7U3lOgWGA,841次观看,3个月前
WEEX - MOBILE APP - How to transfer crypto to metamask from the Weex crypto exchange using the app,https://www.youtube.com/watch?v=QqfIzg9U4BY&pp=ygUEd2VleA%3D%3D,74次观看,3周前
WEEX - Where New Wealth Is Made💫,https://www.youtube.com/watch?v=urtp6K05XX4&pp=ygUEd2VleA%3D%3D,11万次观看,2个月前
WEEX X TOKEN2049,https://www.youtube.com/watch?v=dPPiK89T4D4&pp=ygUEd2VleA%3D%3D,76次观看,2个月前
WEEX Crypto Exchange Review (English Video): Is The Best Futures Trading and Copy Trade? #WEEX,https://www.youtube.com/watch?v=BrGADpqwuWk&pp=ygUEd2VleA%3D%3D,4.3万次观看,1年前
HUGE OPPORTUNITY! MASSIVE EXCHANGE TOKEN AIRDROP COMING SOON! (WEEX EXCHANGE REVIEW),https://www.youtube.com/watch?v=qkqperVrvyo&pp=ygUEd2VleA%3D%3D,1238次观看,5个月前
WEEX 每日加密領域火熱趨勢 | 本日焦點：Major | WEEX Daily Crypto Trends:Today’s Highlight: Major,https://www.youtube.com/shorts/J2D6QaGkGao,无人观看,22小时前
"🇦🇪 [4K] DUBAI, UAE - 2024: CRYPTO CONTENT CREATOR CAMPUS | CCCC | BYBIT | MEXC | WEEX | GATE.IO",https://www.youtube.com/shorts/O41HOgX-3Jk,10万次观看,17小时前
"Listing on WEEX the $WXT Launchpool, Presented by WEEX Global | Blockchain Futurist Conference 2024",https://www.youtube.com/watch?v=-HkkLWkwFdk&pp=ygUEd2VleA%3D%3D,72次观看,4周前
WEEX - Sign up in 10 seconds to explore endless trading possibilities ©,https://www.youtube.com/watch?v=VL1AzZJZoUw&pp=ygUEd2VleA%3D%3D,10万次观看,2个月前
WEEX Academy | EP.1 | Meet the team of WEEX,https://www.youtube.com/watch?v=Z_QIHL2Mf_o&pp=ygUEd2VleA%3D%3D,286次观看,7个月前
WEEX Exchange Copy Trading Tutorial (FULL STEP-BY-STEP GUIDE),https://www.youtube.com/watch?v=SzGBRIF_XSM&pp=ygUEd2VleA%3D%3D,270次观看,11天前
Best Crypto Exchange 🔥 How WEEX Revolutionizes Crypto Trading: A Comprehensive Platform Overview,https://www.youtube.com/watch?v=K5wAlBoh62s&pp=ygUEd2VleA%3D%3D,9205次观看,1年前
WEEX x Oscar Ramos | Blockchain Futurist Conference 2024,https://www.youtube.com/watch?v=8WK7MAgie1s&pp=ygUEd2VleA%3D%3D,60次观看,2个月前
WEEX CRYPTO EXCHANGE (NO KYC) - MOBILE APP - BEGINNERS TUTORIAL - 2024 - How to use Weex mobile app,https://www.youtube.com/watch?v=ZewzPxoKc20&pp=ygUEd2VleA%3D%3D,249次观看,3周前
"I BOUGHT 26,000 USDT IN WEEX EXCHANGE TOKENS?! HUGE BENEFITS & INCENTIVES WITH $WXT!!",https://www.youtube.com/watch?v=QacOxjKMxKU&pp=ygUEd2VleA%3D%3D,10万次观看,2个月前
WEEX Airdrop is Here !! 🚀 Claim Your Free WXT Tokens NOW!,https://www.youtube.com/watch?v=Feo4_ygKH6o&pp=ygUEd2VleA%3D%3D,1822次观看,5个月前
WEEX Demo Trading Guide ✅ 100% Free Crypto Paper Trading (Step-by-Step),https://www.youtube.com/watch?v=1utxK1_XYxM&pp=ygUEd2VleA%3D%3D,345次观看,4个月前
"I BOUGHT 26,000 USDT IN WEEX EXCHANGE TOKENS?! HUGE BENEFITS & INCENTIVES WITH $WXT!!",https://www.youtube.com/watch?v=QacOxjKMxKU&pp=ygUEd2VleA%3D%3D,10万次观看,2个月前
WEEX Airdrop is Here !! 🚀 Claim Your Free WXT Tokens NOW!,https://www.youtube.com/watch?v=Feo4_ygKH6o&pp=ygUEd2VleA%3D%3D,1822次观看,5个月前
WEEX Demo Trading Guide ✅ 100% Free Crypto Paper Trading (Step-by-Step),https://www.youtube.com/watch?v=1utxK1_XYxM&pp=ygUEd2VleA%3D%3D,345次观看,4个月前
WEEX 2023 Review: Secure & User-Friendly Crypto Platform,https://www.youtube.com/shorts/oPZ3iUCnNsw,95次观看,1年前
WEEX X TOKEN 2049: Exclusive Interviews & Event Highlights,https://www.youtube.com/watch?v=B5QwwOZMiIs&pp=ygUEd2VleA%3D%3D,88次观看,1个月前
start a new life with WEEX #crypto #cryptocurrency #weex #bitcoin,https://www.youtube.com/shorts/-2TKcdY-lHY,98次观看,6天前
Weex Referral Code (jqhz) – Get 15% Discount On Trading Fee,https://www.youtube.com/watch?v=KnA5a0A5Xbg&pp=ygUEd2VleA%3D%3D,78次观看,8个月前
How to Change Your Password on Weex || Weex Exchange,https://www.youtube.com/watch?v=rOFzEQG5Cw4&pp=ygUEd2VleA%3D%3D,27次观看,1个月前
Weex Walkthrough,https://www.youtube.com/watch?v=ZM3tJMSNC1E&pp=ygUEd2VleA%3D%3D,5140次观看,7年前
WEEX 1230 Easton PA 1970 Bill Robbins,https://www.youtube.com/watch?v=sObmiA_BzuI&pp=ygUEd2VleA%3D%3D,560次观看,6年前
"""Weex Crypto Empowering Your Financial Freedom"" Join And Get Deposit Bonus Instantly",https://www.youtube.com/watch?v=CaF9DGM4poM&pp=ygUEd2VleA%3D%3D,8596次观看,3个月前
WEEX - THIS COULD BE THE NEXT TOP CRYPTO EXCHANGE (Spot & Futures trading with no KYC required),https://www.youtube.com/watch?v=g8qbX9N2UAk&pp=ygUEd2VleA%3D%3D,412次观看,4个月前
24 WEEX学堂一 注册篇 weex交易所合约系列操作专栏！可收藏　币安 Binance｜欧意 OKX｜币赢 CoinW｜深币 DeepCoin｜币客 BKEX｜大币 Dcoin｜唯客 Weex,https://www.youtube.com/watch?v=gJQOE8M9DR4&pp=ygUEd2VleA%3D%3D,103次观看,1年前
WEEX 每日加密領域火熱趨勢 | 本日焦點：PEPE | WEEX Daily Crypto Trends:Today’s Highlight: PEPE,https://www.youtube.com/shorts/a1uoQxvraLI,无人观看,5天前
WEEX x Trillion Capital | Blockchain Futurist Conference 2024,https://www.youtube.com/watch?v=DHxdD8EuamM&pp=ygUEd2VleA%3D%3D,38次观看,2个月前
WEEX 每日加密領域火熱趨勢 | 本日焦點：Tomarket,https://www.youtube.com/shorts/DmvoDzEML9E,131次观看,6天前
WEEX 平台幣 WXT 再創新高! 累積漲幅55%!,https://www.youtube.com/shorts/n-Q6Pb6gY1Q,17次观看,7天前
Rulay - Weex / Repboy 173 ( Prodigio ||| Ep) Visualizer,https://www.youtube.com/watch?v=gngcaCzusUo&pp=ygUEd2VleA%3D%3D,1405次观看,2个月前
Rulay - Weex / Repboy 173 ( Prodigio ||| Ep) Visualizer,https://www.youtube.com/watch?v=gngcaCzusUo&pp=ygUEd2VleA%3D%3D,1405次观看,2个月前
WEEX Demo Trading Guide ✅ 100% Free Crypto Paper Trading (Step-by-Step),https://www.youtube.com/watch?v=1utxK1_XYxM&pp=ygUEd2VleA%3D%3D,345次观看,4个月前
Колекція камуфлюючих баз Weex Light pro base/Cover bases Weex Light pro base 8-21 numbers,https://www.youtube.com/shorts/FYCpvOedsS8,113次观看,2年前
WEEX 1230 Easton PA 1977 Bad Billy James,https://www.youtube.com/watch?v=RKx0jjR1T30&pp=ygUEd2VleA%3D%3D,383次观看,7年前
WEEX will PAY YOU to Trade on my link!,https://www.youtube.com/shorts/VV3oiFMQmRs,977次观看,2个月前
"Weex Exchange Review: Verified Reviews, Pros & Cons",https://www.youtube.com/watch?v=w9UhDV1iZ2A&pp=ygUEd2VleA%3D%3D,14次观看,8天前
WEEX | 世界前十加密貨幣衍生品交易所,https://www.youtube.com/shorts/y816tu-zWOs,87次观看,1年前
problema sim weex,https://www.youtube.com/watch?v=_urP-Cbnrsk&pp=ygUEd2VleA%3D%3D,863次观看,3年前
How to do Future pro Trade in weex exchanger 💱 See this video 🥰,https://www.youtube.com/watch?v=aN8k8LSmdu4&pp=ygUEd2VleA%3D%3D,52次观看,5个月前
10$ Instant Payment Withdraw | Weex Exchanger | Kucoin | Binance New Offer | Jia Crypto BD,https://www.youtube.com/watch?v=N1hseFqkmWY&pp=ygUEd2VleA%3D%3D,668次观看,1年前
WEEX - Austin Consensus 2024,https://www.youtube.com/watch?v=5i9EgWWKTE0&pp=ygUEd2VleA%3D%3D,128次观看,4个月前
WEEX x Shib Army | Blockchain Futurist Conference 2024,https://www.youtube.com/watch?v=LeglK6phwj8&pp=ygUEd2VleA%3D%3D,27次观看,2个月前
WEEX Revolution: Unlocking 2024's Crypto Potential with WEEX's Unique Advantages and WXT Token!,https://www.youtube.com/watch?v=ifdLm1yU4R0&pp=ygUEd2VleA%3D%3D,7次观看,3个月前
WEEX 1975,https://www.youtube.com/watch?v=mshWhjxCBG8&pp=ygUEd2VleA%3D%3D,838次观看,8年前
problema sim weex,https://www.youtube.com/watch?v=_urP-Cbnrsk&pp=ygUEd2VleA%3D%3D,863次观看,3年前
How to do Future pro Trade in weex exchanger 💱 See this video 🥰,https://www.youtube.com/watch?v=aN8k8LSmdu4&pp=ygUEd2VleA%3D%3D,52次观看,5个月前
10$ Instant Payment Withdraw | Weex Exchanger | Kucoin | Binance New Offer | Jia Crypto BD,https://www.youtube.com/watch?v=N1hseFqkmWY&pp=ygUEd2VleA%3D%3D,668次观看,1年前
WEEX - Austin Consensus 2024,https://www.youtube.com/watch?v=5i9EgWWKTE0&pp=ygUEd2VleA%3D%3D,128次观看,4个月前
WEEX x Shib Army | Blockchain Futurist Conference 2024,https://www.youtube.com/watch?v=LeglK6phwj8&pp=ygUEd2VleA%3D%3D,27次观看,2个月前
WEEX Revolution: Unlocking 2024's Crypto Potential with WEEX's Unique Advantages and WXT Token!,https://www.youtube.com/watch?v=ifdLm1yU4R0&pp=ygUEd2VleA%3D%3D,7次观看,3个月前
WEEX 1975,https://www.youtube.com/watch?v=mshWhjxCBG8&pp=ygUEd2VleA%3D%3D,838次观看,8年前
WEEX Academy: What is One-Click Copy Trading?,https://www.youtube.com/watch?v=QVwW6JPbx1U&pp=ygUEd2VleA%3D%3D,160次观看,2年前
Weex referral code :- jqhz Get 2000$ Signup Bonus || Weex exchange referral code || Weex invite code,https://www.youtube.com/watch?v=8UkQDdVnzY4&pp=ygUEd2VleA%3D%3D,143次观看,8个月前
WEEX x LTD Token | Blockchain Futurist Conference 2024,https://www.youtube.com/watch?v=WQIEVIup16w&pp=ygUEd2VleA%3D%3D,73次观看,2个月前
WEEX | Join the Crypto Banter Trading Competition,https://www.youtube.com/watch?v=U4SYVSINbR8&pp=ygUEd2VleA%3D%3D,38次观看,7天前
How to deposit TRN token to WEEX exchange || step by step,https://www.youtube.com/watch?v=WWGgMACY8TI&pp=ygUEd2VleA%3D%3D,174次观看,6个月前
WEEX Superbowl Fan Jersey s11,https://www.youtube.com/watch?v=dcr3HEPPkNE&pp=ygUEd2VleA%3D%3D,374次观看,8年前
600X Potential: Why Weex Could Skyrocket!,https://www.youtube.com/watch?v=eILgqsjXdLY&pp=ygUEd2VleA%3D%3D,1832次观看,5个月前
WEEX x Untraceable | Blockchain Futurist Conference 2024,https://www.youtube.com/watch?v=1BloNlaBnDo&pp=ygUEd2VleA%3D%3D,22次观看,2个月前
Weex 5$-100$ Future Bonus || Bybit exchange Reward 10$ to 20$ || Weex || Bybit,https://www.youtube.com/watch?v=vx4IkF1smz8&pp=ygUEd2VleA%3D%3D,42次观看,1年前
"No ID, No Problem: Best Crypto Exchanges with No KYC in the US & Canada, WEEX Crypto Exchange",https://www.youtube.com/watch?v=-gPZdi3BnSc&pp=ygUEd2VleA%3D%3D,1248次观看,6个月前
Weex Pass Pitch Web Summit 2024,https://www.youtube.com/watch?v=rMoHJp3cfSo&pp=ygUEd2VleA%3D%3D,82次观看,6个月前
Weex Referral Code - jqhz To Grab 15% Off On Trading Fees And Charges | Weex Invite Code,https://www.youtube.com/watch?v=nP_MV-VEeuo&pp=ygUEd2VleA%3D%3D,17次观看,1个月前
WEEX x Untraceable | Blockchain Futurist Conference 2024,https://www.youtube.com/watch?v=1BloNlaBnDo&pp=ygUEd2VleA%3D%3D,22次观看,2个月前
Weex 5$-100$ Future Bonus || Bybit exchange Reward 10$ to 20$ || Weex || Bybit,https://www.youtube.com/watch?v=vx4IkF1smz8&pp=ygUEd2VleA%3D%3D,42次观看,1年前
"No ID, No Problem: Best Crypto Exchanges with No KYC in the US & Canada, WEEX Crypto Exchange",https://www.youtube.com/watch?v=-gPZdi3BnSc&pp=ygUEd2VleA%3D%3D,1248次观看,6个月前
Weex Pass Pitch Web Summit 2024,https://www.youtube.com/watch?v=rMoHJp3cfSo&pp=ygUEd2VleA%3D%3D,82次观看,6个月前
Weex Referral Code - jqhz To Grab 15% Off On Trading Fees And Charges | Weex Invite Code,https://www.youtube.com/watch?v=nP_MV-VEeuo&pp=ygUEd2VleA%3D%3D,17次观看,1个月前
WEEX,https://www.youtube.com/watch?v=OYNjX6F6x9o&pp=ygUEd2VleA%3D%3D,6次观看,N/A
WEEX MOBILE APP - How to transfer crypto from metamask to Weex using the mobile app - tutorial,https://www.youtube.com/watch?v=zymLGTuaH-Q&pp=ygUEd2VleA%3D%3D,69次观看,3周前
To-do app with Weex (iOS),https://www.youtube.com/shorts/4L4ABYDhpsA,1854次观看,7年前
"$0 to $1M | -$250K | Live Bitcoin Trading 24/7 Cam | !WEEX TRADING FEE DISCOUNT, NO KYC !WEEX",https://www.youtube.com/watch?v=xSasJkCFABE&pp=ygUEd2VleA%3D%3D,6人正在观看,N/A
WEEX x Roger | Blockchain Futurist Conference 2024,https://www.youtube.com/watch?v=o_cUge391oo&pp=ygUEd2VleA%3D%3D,42次观看,2个月前
Register on WEEX in Minutes,https://www.youtube.com/watch?v=ulSVUEPW1Ws&pp=ygUEd2VleA%3D%3D,76次观看,3周前
Sanah - Kolońska i Szlugi (WeeX & MattDEE Bootleg),https://www.youtube.com/watch?v=6VqCfMlcG-0&pp=ygUEd2VleA%3D%3D,867次观看,2年前
"Gryffin, Illenium - Feel Good ft. Daya (WeeX & MattDEE BOOTLEG 2021)",https://www.youtube.com/watch?v=OZeq4qiZEsc&pp=ygUEd2VleA%3D%3D,3478次观看,3年前
